Value,Type,Footprint,Manufacturer,Manufacturer_Part_Number,JLCPCB,LCSC_part_number,Number_of_pads,THT,Can be replaced,Expect_price_for_10,Quoted_price,Link,JLC pos rotation,Extra Notes,,
Ferrite_Bead,bead,,Guangdong Fenghua Advanced Tech,CBW201209U601T,Y,C21286,2,N,Y,0.01,0.01,https://lcsc.com/product-detail/Ferrite-Beads_FH-Guangdong-Fenghua-Advanced-Tech-CBW201209U601T_C21286.html,,1.5A,,
Ferrite_bead_0.5A,bead,,Sunlord,GZ2012D601TF,Y,C1017,2,N,Y,0.01,0.01,https://lcsc.com/product-detail/Ferrite-Beads_Sunlord-GZ2012D601TF_C1017.html,,,,
10pF,Capacitor,C_0402_1005Metric,,,Y,C32949,2,N,Y,0,0,,,,,
10nF,Capacitor,C_0402_1005Metric,,,Y,C15195,2,N,Y,0,0,,,,,
0.1uF,Capacitor,C_0402_1005Metric,Samsung,CL05B104KO5NNNC,Y,C1525,2,N,N,0,0,,,,,
0.1uF,Capacitor,C_0603_1608Metric,YAGEO,CC0603KRX7R9BB104,Y,C14663,2,N,N,0.01,0.01,,,,,
0.1uF_50V,Capacitor,,Murata Electronics,GRM155R71H104KE14D,Y,C77020,2,N,N,0,0,https://lcsc.com/product-detail/Multilayer-Ceramic-Capacitors-MLCC-SMD-SMT_muRata_GRM155R71H104KE14D_100nF-104-10-50V_C77020.html,,,,
0.3pF,Capacitor,C_0402_1005Metric,Murata Electronics,GJM1555C1HR30BB01D,Y,C85885,2,N,Y,0.01,0.01,,,,,
1.5pF,Capacitor,C_0402_1005Metric,,,Y,C1552,2,N,,0,0,,,,,
100pF,Capacitor,C_0402_1005Metric,Guangdong Fenghua Advanced Tech,0402CG101J500NT,Y,C1546,2,N,Y,0,0,,,,,
100pF,Capacitor,C_0603_1608Metric,Samsung,CL10C101JB8NNNC,Y,C14858,2,N,N,0.01,0.01,,,,,
100uF_25V_SPE,Capacitor,,Lelon,OVZ101M1ETR-0606 ,Y,C164071,2,N,N,0.1,0.1,https://lcsc.com/product-detail/Solid-Polymer-Electrolytic-Capacitor_Lelon-OVZ101M1ETR-0606_C164071.html,,,,
10uF_50V,Capacitor,,Samsung,CL32A106MBJNNNE,N,C730495,2,N,N,0.13,0.13,https://lcsc.com/product-detail/Multilayer-Ceramic-Capacitors-MLCC-SMD-SMT_Samsung-Electro-Mechanics-CL32A106MBJNNNE_C730495.html,,5uF at 24v,,
12pF,Capacitor,C_0402_1005Metric,Guangdong Fenghua Advanced Tech,0402CG120J500NT,Y,C1547,2,N,Y,0.001,0.001,,,,,
1500uF_16V_SPE,Capacitor,,Yunxing,SPT1CM152G12OR,Y,C556231,2,Y,N,0.2,0.2,https://lcsc.com/product-detail/Solid-Polymer-Electrolytic-Capacitor_Yunxing-SPT1CM152G12OR_C556231.html,,,,
1pF,Capacitor,C_0402_1005Metric,,,Y,C1550,2,N,,0,0,,,,,
1uF,Capacitor,C_0402_1005Metric,Samsung,CL05A105KA5NQNC,Y,C52923,2,N,Y,0,0,,,,,
1uF,Capacitor,C_0603_1608Metric,Samsung,CL10A105KB8NNNC,Y,C15849,2,N,N,0.01,0.01,,,,,
2.2nF,Capacitor,C_0402_1005Metric,,,Y,C1531,2,N,,0,0,,,,,
2.2uF,Capacitor,C_0402_1005Metric,Samsung,CL05A225MQ5NSNC,Y,C12530,2,N,N,0,0,,,6.3v,,
220pF,Capacitor,C_0402_1005Metric,Guangdong Fenghua Advanced Tech,0402B221K500NT,Y,C1530,2,N,Y,0.001,0.001,,,,,
22nF_50v,Capacitor,,Murata Electronics,GRM155R71H223KA12D,N,C77023,2,N,N,0,0,https://lcsc.com/product-detail/Multilayer-Ceramic-Capacitors-MLCC-SMD-SMT_muRata_GRM155R71H223KA12D_22nF-223-10-50V_C77023.html,,,,
22pF,Capacitor,C_0402_1005Metric,Guangdong Fenghua Advanced Tech,0402CG220J500NT,Y,C1555,2,N,Y,0.001,0.001,,,,,
22uF_10V,Capacitor,C_0603_1608Metric,Samsung,CL10A226MP8NUNE,Y,C86295,2,N,N,0.01,0.01,https://lcsc.com/product-detail/Multilayer-Ceramic-Capacitors-MLCC-SMD-SMT_SAMSUNG_CL10A226MP8NUNE_22uF-226-20-10V_C86295.html,,"10V, 6.6uF at 5V",,
22uF_25V,Capacitor,C_0805_2012Metric,Samsung,CL21A226MAYNNNE,Y,C602037,2,N,N,0.015,0.015,,,"25V, 11uF at 5V, 4.4uF at 12V",,
27pF,Capacitor,C_0402_1005Metric,,0402CG270J500NT,Y,C1557,2,N,Y,0,0,,,,,
270uF_16V_SPE,Capacitor,,Lelon,OVZ271M1CTR-0807,Y,C164072,2,N,N,0.22,0.22,https://lcsc.com/product-detail/Solid-Polymer-Electrolytic-Capacitor_Lelon-OVZ271M1CTR-0807_C164072.html,,,,
330uF_35v,Capacitor,,Panasonic,EEEFT1V331GP,N,C178599,2,N,N,0.2,0.25,https://lcsc.com/product-detail/Aluminum-Electrolytic-Capacitors-SMD_PANASONIC-EEEFT1V331GP_C178599.html,,,,
33nF,Capacitor,C_0402_1005Metric,,,Y,C1585,2,N,,0,0,,,,,
4.7pF,Capacitor,C_0402_1005Metric,,,Y,C1569,2,N,,0,0,,,,,
4.7uF,Capacitor,C_0402_1005Metric,Samsung,CL05A475MP5NRNC,Y,C23733,2,N,N,0,0,,,1.5uF at 5V,,
4.7uF,Capacitor,C_0603_1608Metric,Samsung,CL10A475KO8NNNC,Y,C19666,2,N,N,0.01,0.01,,,,,
470pF_50V,Capacitor,,Murata Electronics,GCM155R71H471KA37D,N,C85859,2,N,N,0,0,https://lcsc.com/product-detail/Multilayer-Ceramic-Capacitors-MLCC-SMD-SMT_muRata_GCM155R71H471KA37D_470pF-471-10-50V-Car-level_C85859.html,,,,
470uF_10v_SPE,Capacitor,,AISHI(Aihua Group),SPZ1AM471E08000R,Y,C122242,2,Y,N,0.1,0.05,https://lcsc.com/product-detail/Solid-Polymer-Electrolytic-Capacitor_AISHI-Aihua-Group-SPZ1AM471E08000R_C122242.html,,,,
47uF_10V,Capacitor,,Samsung,CL31A476MPHNNNE,Y,C96123,2,N,N,0.08,0.08,https://lcsc.com/product-detail/Multilayer-Ceramic-Capacitors-MLCC-SMD-SMT_Samsung-Electro-Mechanics-CL31A476MPHNNNE_C96123.html,,10uf (20%) at 5V,,
47uF_16V,Capacitor,,Murata Electronics,GRM32ER61C476KE15L,Y,C77101,2,N,N,0.12,0.13,https://lcsc.com/product-detail/Multilayer-Ceramic-Capacitors-MLCC-SMD-SMT_MuRata_GRM32ER61C476KE15L_47uF-476-10-16V_C77101.html,,28uF (60%) at 5V,,
47uF_50V,Capacitor,,AISHI(Aihua Group),SPZ1HM470E08O00RAXXX,Y,C122243,2,Y,N,0.1,0.1,https://lcsc.com/product-detail/Solid-Polymer-Electrolytic-Capacitor_AISHI-Aihua-Group-SPZ1HM470E08O00RAXXX_C122243.html,,6.3x8mm,,
6.8nF,Capacitor,C_0402_1005Metric,Guangdong Fenghua Advanced Tech,0402B682K500NT,Y,C1542,2,N,Y,0,0,,,,,
680uF_25_SPE,Capacitor,,Yunxing,SPT1EM681F12OR,Y,C698148,2,Y,N,0.18,0.18,https://lcsc.com/product-detail/Aluminum-Electrolytic-Capacitors-Leaded_Yunxing-SPT1EM681F12OR_C698148.html,,,,
1p_push_terminal_2059-301_998-403,Connector,,Wago,2059-301/998-403,Y,C2765059,2,N,N,0.16,0.16,https://lcsc.com/product-detail/Spring-Clamp-System-Terminal-Block_WAGO-2059-301-998-403_C2765059.html,180,,,
2p_picoblade,Connector,,Molex,532610271,N,C2905009,2,N,Y,0.06,0.06,https://lcsc.com/product-detail/Wire-To-Board-Wire-To-Wire-Connector_MOLEX_53261-0271_MOLEX-53261-0271_C189700.html,,,,
2p_push_terminal_2060-452_998-404,Connector,,Wago,2060-452/998-404,Y,C2765055,4,N,N,0.23,0.23,https://lcsc.com/product-detail/Spring-Clamp-System-Terminal-Block_span-style-background-color-ff0-WAGO-span-2060-452-998-404_C2765055.html,180,,,
4pin_2.54mm,Connector,,Harwin,M20-8900405,N,,4,N,Y,0.2,0.05,https://www.mouser.co.uk/ProductDetail/Harwin/M20-8900405?qs=WS5Jv%252B%252Bx1qVIL7gcsSZaAg%3D%3D,,,,
5pin_2.54mm,Connector,,Harwin,M20-8900505,N,,5,N,Y,0.05,0.05,https://www.mouser.co.uk/ProductDetail/Harwin/M20-8900505?qs=%2Fha2pyFadugLavzapfTn0FDPBcCmIx58G6Makt%2Ft9VQ%3D,,,,
6x3_right_angle_pin_header,Connector,,Samtec,TSW-106-08-T-T-RA ,N,,18,Y,Y,1.09,0.2,https://www.mouser.co.uk/ProductDetail/Samtec/TSW-106-08-T-T-RA?qs=sGAEpiMZZMs%252BGHln7q6pm8Vn94ktop%2FJr5PV4pvhn25jAD6W5yAyow%3D%3D,,,,
Conn_01x08,Connector,,Changjiang Connectors,A2541WR-S-8P,N,,8,N,Y,0.05,0.05,https://www.cjt.com/en/pro_show.php?id=15757,,2.54mm SMD horizontal connector,,
ConnBattery_JST_S2B-PH-K-S,Connector,,JST,S2B-PH-K-S,Y,C173752,2,Y,N,0.03,0.03,https://lcsc.com/product-detail/Wire-To-Board-Wire-To-Wire-Connector_JST-Sales-America-S2B-PH-K-S-LF-SN_C173752.html,270,,,
CR2032_battery_holder,Connector,,Q&J,CR2032-BS-6-1,Y,C70377,2,N,N,0.1,0.1,https://lcsc.com/product-detail/Battery-Connectors_Q-J-CR2032-BS-6-1_C70377.html,,,,
DCJack_DC-005-5A-2.0-SMT,Connector,,XKB Enterprise,DC-005-5A-2.0-SMT ,Y,C319134,4,N,Y,0.11,0.08,https://lcsc.com/product-detail/Power-Connectors_XKB-Enterprise-DC-005-5A-2-0-SMT_C319134.html,,,,
FemaleConn_1x6,Connector,,Changjiang Connectors,A2005HWR-S-6P-Y,N,,6,N,Y,0.15,0.06,https://www.cjt.com/en/pro_show.php?id=15894,,Make sure full length is ~9.15mm,,
FFC_connector_12p_hinge_lock,Connector,,JUSHUO,AFC01-S10FCA-00,Y,C262659,10,,,0.05,0.05,,,,,
FFC_connector_12p_hinge_lock,Connector,,JUSHUO,AFA01-S12FCA-00,Y,C262757,12,N,N,0.09,0.09,https://lcsc.com/product-detail/FFC-FPC-Connectors_JUSHUO-AFA01-S12FCA-00_C262757.html,,,,
FFC_connector_12p_hinge_lock_0.5mm,Connector,,JUSHUO,AFC01-S12FCA-00,Y,C262661,12,N,N,0.05,0.05,,,,,
FFC_connector_16p_hinge_lock,Connector,,JUSHUO,AFC01-S16FCA-00,Y,C262665,16,N,N,0.08,0.04,https://lcsc.com/product-detail/FFC-FPC-Connectors_JUSHUO-AFC01-S16FCA-00_C262665.html,0,,,
FFC_connector_20p_hinge_lock,Connector,,JUSHUO,AFC01-S20FCA-00 ,Y,C262667,20,N,N,0.08,0.08,https://lcsc.com/product-detail/FFC-FPC-Connectors_JUSHUO-AFC01-S20FCA-00_C262667.html,,,,
FFC_connector_22p_hinge_lock,Connector,,JUSHUO,AFC01-S22FCA-00,Y,C262668,22,N,N,0.09,0.09,https://lcsc.com/product-detail/FFC-FPC-Connectors_JUSHUO-AFC01-S22FCA-00_C262668.html,270,,,
FFC_connector_8p_hinge_lock,Connector,,JUSHUO,AFA01-S08FCA-00,Y,C262755,8,N,Y,0.1,0.1,https://lcsc.com/product-detail/FFC-FPC-Connectors_JUSHUO-AFA01-S08FCA-00_C262755.html,,,,
JST_SM_3p_3.5mm,Connector,,JST,,N,,3,Y,Y,0.2,0.2,https://www.aliexpress.com/item/32920898043.html,,,,
MaleConn_1x6,Connector,,Changjiang Connectors,A2005WR-S-6P,Y,C917593,6,N,Y,0.08,0.06,https://www.cjt.com/en/pro_show.php?id=15952,,C917593,,
pin_header_03x02,Connector,,XFCN,PZ254V-12-6P,Y,C492420,6,N,N,0.02,0.02,,,,,
pin_header_06x02,Connector,,XFCN,PZ254V-12-12P,Y,C492423,12,N,N,0.03,0.03,,,,,
PinHeader_01x08,Connector,,Changjiang Connectors,A2541WV-8P ,Y,C225483,8,Y,Y,0.09,0.08,https://lcsc.com/product-detail/Pin-Header-Female-Header_Changjiang-Connectors-A2541WV-8P_C225483.html,,,,
PinSocket_01x08_2.54_Vertical,Connector,,Boom Precision Elec,C27438,Y,C27438,8,Y,Y,0.08,0.08,https://lcsc.com/product-detail/Pin-Header-Female-Header_BOOMELE-Boom-Precision-Elec-2-54mm-1-8P-Straight-Female-header_C27438.html,,,,
PinSocket_01x08_horizontal_2.54_SMD,Connector,,,,N,,8,N,Y,0.1,0.1,,,,,
PinSocket_2x04_P2.54mm_Vertical_SMD,Connector,,Boom Precision Elec,C157345,Y,C157345,8,N,Y,0.12,0.12,https://lcsc.com/product-detail/Female-Headers_BOOMELE-Boom-Precision-Elec-C157345_C157345.html,,,,
PinSocket_2x20_P2.54mm_Vertical_SMD,Connector,,Sullins Connector Solutions ,NPTC202KFMS-RC,N,,40,N,Y,0.2,0.2,https://www.digikey.co.uk/product-detail/en/sullins-connector-solutions/NPTC202KFMS-RC/S5690-ND/776149,,,,
PMS5003_conn_53261-0871,Connector,,Molex,53261-0871 ,N,C293349,8,N,Y,0.15,0.12,https://lcsc.com/product-detail/Wire-To-Board-Wire-To-Wire-Connector_MOLEX_532610871_MOLEX-532610871_C293349.html,,,,
PMS7003CONN_20021321-00010C4LF,Connector,,Amphenol ICC,20021321-00010C4LF,Y,C124357,10,N,N,0.6,0.6,,,,,
SAMTEC-TSM-104-01-T-DH,Connector,,Samtec,TSM-104-01-T-DH,N,,18,N,Y,0.52,0.1,https://www.mouser.co.uk/ProductDetail/Samtec/TSM-104-01-T-DH?qs=sGAEpiMZZMs%252BGHln7q6pm8Vn94ktop%2FJ%2FxX4jb0DTYbmAButXvNBoA%3D%3D,,,,
TerminalBlock_2P_3.5mm,Connector,,DIBO,DB125-3.5-2P-GN-S,Y,C466970,2,Y,Y,0.1,0.03,https://lcsc.com/product-detail/Screw-terminal_DIBO-DB125-3-5-2P-GN-S_C466970.html,,,,
TerminalBlock_3P_3.5mm,Connector,,DIBO,DB125-3.5-3P-GN-S ,Y,C466971,3,Y,Y,0.15,0.15,https://lcsc.com/product-detail/Screw-terminal_DIBO-DB125-3-5-3P-GN-S_C466971.html,,,,
TerminalBlock_4P_3.5mm,Connector,,DIBO,DB125-3.5-4P-GN-S ,Y,C2757925,4,Y,Y,0.2,0.06,https://lcsc.com/product-detail/Screw-terminal_DIBO-DB125-3-5-4P-GN_C2757925.html,,,,
USB_C_connector_16P,Connector,,XKB Enterprise,U262-161N-4BVC11,N,C319148,16,N,Y,0.23,0.08,https://lcsc.com/product-detail/USB-Connectors_XKB-Enterprise-U262-16XN-4BVC11_C319148.html,180,,,
USB_C_power_only_connector,Connector,,Korean Hroparts Elec,TYPE-C-31-M-17 ,Y,C283540,6,N,Y,0.08,0.08,https://lcsc.com/product-detail/Others_Korean-Hroparts-Elec-TYPE-C-31-M-17_C283540.html,270,,,
USB_micro_B_conn,Connector,,Amphenol,10118194-0001LF,Y,C132563,5,N,Y,0.08,0.08,https://lcsc.com/product-detail/USB-Connectors_Amphenol-ICC-10118194-0001LF_C132563.html,,,,
Crystal_16M,Crystal,,Yangxing Tech,X322516MLB4SI,Y,C13738,4,N,N,0.09,0.09,https://lcsc.com/product-detail/SMD-Crystal-Resonators_Yangxing-Tech-X322516MLB4SI_C13738.html,,,,
Crystal_16M_small,Crystal,,SJK(SHENZHEN CRYSTAL TECH) ,7F16000E12UCG,Y,C252270,4,N,N,0.15,0.15,https://lcsc.com/product-detail/Crystals_SJK-SHENZHEN-CRYSTAL-TECH-7F16000E12UCG_C252270.html,90,,,
Crystal_24M,Crystal,,JGHC,S3224000151050,N,C426976,4,N,N,0.08,0.08,https://lcsc.com/product-detail/New-Arrivals_JGHC-S3224000151050_C426976.html,,,,
Crystal_32.768K,Crystal,,JGHC,SMD31327681252090,Y,C390740,2,N,N,0.1,0.1,https://lcsc.com/product-detail/SMD-Crystal-Resonators_JGHC-SMD31327681252090_C390740.html,,,,
1N4148W,Diode,,Semtech,1N4148W,Y,C81598,2,N,N,0.01,0.01,,90,,,
2ADiode_DFLS230L-7,Diode,,Diodes Incorporated,DFLS240L-7,N,C74179,2,N,N,0.09,0.082,https://lcsc.com/product-detail/Schottky-Barrier-Diodes-SBD_Diodes-Incorporated-DFLS240L-7_C74179.html,,,,
DIODE_5A_LV10S45E,Diode,,Foshan Blue Rocket Elec,LV10S45E,Y,C305422,2,N,N,0.11,0.122,https://lcsc.com/product-detail/Schottky-Barrier-Diodes-SBD_Foshan-Blue-Rocket-Elec-LV10S45E_C305422.html,,,,
SMW5045S601NTT,Ferrite choke,,Sunltech Tech ,SMW5045S601NTT,Y,C254910,4,N,N,0.38,0.38,https://lcsc.com/product-detail/Common-Mode-Filters_Sunltech-Tech-SMW5045S601NTT_C254910.html,,,,
5A_Buck_MP9447GL,IC,,Monolithic Power Systems,MP9447GL-Z,Y,C65839,22,N,N,0.8,0.911,https://lcsc.com/product-detail/DC-DC-Converters_MPS_MP9447GL-Z_MP9447GL-Z_C65839.html,,,,
6A_BUCK_SY8366H,IC,,Silergy Corp,SY8366HQQC,N,C178253,14,N,N,0.4,0.462,https://lcsc.com/product-detail/DC-DC-Converters_Silergy_SY8366HQQC_SY8366HQQC_C178253.html,,,,
74LVC1G07GW,IC,,Nexperia,74LVC1G07GW,Y,C282345,5,N,N,0.04,0.032,https://lcsc.com/product-detail/Logic-Buffers-Drivers-Receivers-Transceivers_Nexperia-74LVC1G07GW-125_C282345.html,,,,
74LVC2G07,IC,,Texas Instruments,SN74LVC2G07DBVR,Y,C37708,6,N,N,0.1,0.1,https://lcsc.com/product-detail/Buffers-Drivers_Texas-Instruments-SN74LVC2G07DBVR_C37708.html,,,,
AP7365-33WG-7,IC,,Diodes Incorporated,AP7365-33WG-7 ,Y,C150742,5,N,N,0.14,0.14,https://lcsc.com/product-detail/Dropout-Regulators-LDO_Diodes-Incorporated-AP7365-33WG-7_C150742.html,,,,
BME280,IC,,Bosch Sensortec ,BME280,Y,C92489,8,N,N,3.5,2.057,https://lcsc.com/product-detail/Humidity-Sensors_Bosch-Sensortec-BME280_C92489.html,,,,
BNO055,IC,,Bosch,BNO055,Y,C93216,28,N,N,10,5.143,https://lcsc.com/product-detail/Sensors_Bosch-Sensortec_BNO055_Bosch-Sensortec-BNO055_C93216.html,,,,
BUCK_DRIVER_TPS51117RGYR,IC,,Texas Instruments,TPS51117RGYR,Y,C139293,14,N,N,0.31,0.341,https://lcsc.com/product-detail/DC-DC-Converters_Texas-Instruments_TPS51117RGYR_Texas-Instruments-Texas-Instruments-TPS51117RGYR_C139293.html,,,,
buffer_3V-5V,IC,,Texas Instruments,SN74LV1T34DBVR,Y,C100024,6,,,0.14,0.14,https://lcsc.com/product-detail/Buffers-Drivers_Texas-Instruments-SN74LV1T34DBVR_C100024.html,,,,
Current_sense_amp,IC,,Texas Instruments,INA199A1DCKR,Y,C59135,6,N,N,0.18,0.187,https://lcsc.com/product-detail/PMIC-Current-Power-Monitors-Regulators_Texas-Instruments_INA199A1DCKR_Texas-Instruments-Texas-Instruments-INA199A1DCKR_C59135.html,,,,
DRV8870DDA,IC,,Texas Instruments,DRV8870DDAR,Y,C86590,8,N,N,0.5,0.5,https://lcsc.com/product-detail/Motor-Driver-ICs_Texas-Instruments-DRV8870DDAR_C86590.html,,,,
DRV8876PWPR,IC,,Texas Instruments,DRV8876PWPR,Y,,16,N,N,1.54,1.738,https://www.mouser.co.uk/ProductDetail/Texas-Instruments/DRV8876PWPR?qs=sGAEpiMZZMtKB4wrjsn3lTi4G5RJt4%2FIviud7zlscOA%3D,,,,
Dual_mosfet,IC,,Diodes Incorporated,2N7002DW-7-F,Y,C83571,6,N,N,0.05,0.056,https://lcsc.com/product-detail/MOSFET_Diodes-Incorporated_2N7002DW-7-F_Diodes-Incorporated-2N7002DW-7-F_C83571.html,,,,
EFM8UB30F40G-A-QFN20,IC,,Silicon Labs,EFM8UB30F40G-A-QFN20,N,,20,N,N,1.1,1.383,https://www.mouser.co.uk/ProductDetail/Silicon-Labs/EFM8UB30F40G-A-QFN20?qs=sGAEpiMZZMvqv2n3s2xjsdZc02topxxI%252BxQltYEZh2T2FgO9i7Usig%3D%3D,,,,
GMA4030H11-F26,IC,,DONGUAN INGHAI ELECTRONICS,GMA4030H11-F26,Y,C498193,8,N,N,0.8,0.8,https://lcsc.com/product-detail/MEMS-Microphones_INGHAi-GMA4030H11-F26_C498193.html,,,,
Inverter,IC,,Texas Instruments ,SN74LVC1G14DBVR,Y,C7835,5,N,N,0.07,0.07,https://lcsc.com/product-detail/Inverters_Texas-Instruments-SN74LVC1G14DBVR_C7835.html,,,,
Inverter5V,IC,,Nexperia,74AHCT1G14W5-7,Y,C148199,5,N,N,0.05,0.05,,270,,,
LightSensor_APDS-9960,IC,,Avago Technologies,APDS-9960,Y,C93222,8,N,N,1.75,2.613,https://lcsc.com/product-detail/Optical-Sensors_AVAGO-Broadcom_APDS-9960_AVAGO-Broadcom-Avago-APDS-9960_C93222.html,,,,
LoadCell_HX711,IC,,AVIA Semiconductor (Xiamen),HX711,Y,C43656,16,N,N,0.37,0.585,https://lcsc.com/product-detail/Analog-To-Digital-Converters-ADCs_HX711_C43656.html,,,,
LTR-553ALS-01,IC,,Lite-On,LTR-553ALS-WA,Y,C408178,8,N,N,0.23,0.244,https://lcsc.com/product-detail/New-Arrivals_Lite-On-LTR-553ALS-WA_C408178.html,,,,
MAX98357AETE+T,IC,,Maxim Integrated,MAX98357AETE+T ,Y,C910544,16,N,N,1.05,1.05,https://www.mouser.co.uk/ProductDetail/Maxim-Integrated/MAX98357AETE%2bT?qs=sGAEpiMZZMtxdzBvM0rKccVDzhVW7AD%2Fv6AVhy%252B3mQo%3D,,,,
MCP2515-xST,IC,,Microchip Tech,MCP2515-I/ST,Y,C15193,20,N,N,1.1,1.1,https://lcsc.com/product-detail/CAN-ICs_Microchip-Tech_MCP2515-I-ST_Microchip-Tech-MCP2515-I-ST_C15193.html,,,,
MCP73831-2-OT,IC,,Microchip,MCP73831T-2ACI/OT,Y,C424093,5,N,N,0.65,0.65,https://lcsc.com/product-detail/Battery-Management-ICs_Microchip-Tech-MCP73831T-2ACI-OT_C424093.html,270,,,
ME6211A33M3G-N,IC,,Nanjing Micro One Elec,ME6211A33M3G-N,Y,C168807,3,N,N,0.06,0.06,https://lcsc.com/product-detail/Dropout-Regulators-LDO_MICRONE-Nanjing-Micro-One-Elec-ME6211A33M3G-N_C168807.html,,,,
ME6211A33PG-N,IC,,Nanjing Micro One Elec,ME6211A33PG-N,Y,C236673,3,N,N,0.06,0.06,https://lcsc.com/product-detail/Linear-Voltage-Regulators-LDO_MICRONE-Nanjing-Micro-One-Elec-ME6211A33PG-N_C236673.html,,300mA (500mW power dissipation),,
ME6211C33M5G-N,IC,,Nanjing Micro One Elec,ME6211C33M5G-N,Y,C81233,3,N,N,0.06,0.06,https://lcsc.com/product-detail/Linear-Voltage-Regulators-LDO_MICRONE-Nanjing-Micro-One-Elec-ME6211C33M5G-N_C82942.html,90,500mA (300mW power dissipation),C82942,TODO: put back
ME6216A33M3G,IC,,Nanjing Micro One Elec,ME6216A33M3G,Y,C126466,3,N,N,0.05,0.05,https://lcsc.com/product-detail/Dropout-Regulators-LDO_MICRONE-Nanjing-Micro-One-Elec-ME6216A33M3G_C126466.html,,"200mA – for power dissipation reasons, could also use C126466  ",,
MICS_4514,IC,,Sensortech,MICS_4514,N,,8,N,N,10,14.642,https://sgx.cdistore.com/products/detail/mics4514-sgx-sensortech/333417/,,,,
MSM261D4030H1CPM,IC,,MEMSensing Microsystems,MSM261D4030H1CPM,Y,C966942,8,N,N,0.65,0.65,https://lcsc.com/product-detail/Electret-Condenser-Microphone_MEMS-MSM261D4030H1CPM_C966942.html,,,,
N_MOSFET,IC,,Changjiang Electronics Tech,2N7002,Y,C8545,3,N,N,0.02,0.02,https://lcsc.com/product-detail/MOSFETs_Changjiang-Electronics-Tech-CJ-2N7002_C8545.html,,,,
NCP114AMX330TCG,IC,,ON Semiconductor,NCP114AMX330TCG,N,C133056,5,N,N,0.07,0.051,https://lcsc.com/product-detail/Low-Dropout-Regulators-LDO_ON-Semicon_NCP114AMX330TCG_ON-Semicon-ON-NCP114AMX330TCG_C133056.html,,,,
NCP114ASN330T1G,IC,,ON Semiconductor,NCP114ASN330T1G,N,C457666,5,N,N,0.04,0.04,https://lcsc.com/product-detail/Low-Dropout-Regulators-LDO_ON-Semiconductor-NCP114ASN330T1G_C457666.html,,,,
NCP708MU330TAG,IC,,ON Semiconductor,NCP708MU330TAG,Y,C183178,6,N,N,0.2,0.2,https://lcsc.com/product-detail/Linear-Voltage-Regulators_ON-Semiconductor-ON-NCP708MU330TAG_C183178.html,,,,
NMOS_5A,IC,,Diodes Incorporated,DMN3042L-7,Y,C102621,3,N,N,0.05,0.05,https://lcsc.com/product-detail/MOSFET_Diodes-Incorporated_DMN3042L-7_Diodes-Incorporated-DMN3042L-7_C102621.html,,,,
NRF24L01,IC,,Nordic Semicon,NRF24L01P-R,Y,C8791,20,N,N,1.4,1.4,,,,,
OpAmp,IC,,Texas Instruments,LMV321IDBVR,Y,C7972,5,N,Y,0.15,0.15,https://lcsc.com/product-detail/General-Purpose-Amplifiers_Texas-Instruments-LMV321IDBVR_C7972.html,,,,
PAM2401,IC,,Diodes Incorporated,PAM2401SCADJ,Y,C508238,8,N,N,0.3,0.3,https://lcsc.com/product-detail/DC-DC-Converters_Diodes-Incorporated-PAM2401SCADJ_C508238.html,,,,
PAM8302AAD,IC,,Diodes Incorporated,PAM8302AADCR,Y,C112137,8,N,N,0.17,0.17,https://lcsc.com/product-detail/Audio-Power-OpAmps_Diodes-Incorporated-PAM8302AADCR_C112137.html,,,,
PMOS_2A,IC,,BORN,AO3401A,Y,C306862,3,N,N,0.04,0.04,https://lcsc.com/product-detail/MOSFETs_BORN-AO3401A_C306862.html,,,,
POWER_MOS_AP4034GYT-HF-3,IC,,Advanced Power Electronics Corp,AP4034GYT-HF-3,N,C380190,8,N,N,0.1,0.111,https://lcsc.com/product-detail/MOSFET_APEC-Advanced-Power-Elec-AP4034GYT-HF_C380190.html,,,,
PushPullBuffer,IC,,Nexperia,"74LVC1G17GW,125 ",Y,C426705,5,N,N,0.03,0.03,https://lcsc.com/product-detail/Logic-Buffers-Drivers-Receivers-Transceivers_NXP-Semicon_74LVC1G17GW-125_NXP-Semicon-74LVC1G17GW-125_C124293.html,0,C124293,,
SPH0645LM4H-B,IC,,Knowles,SPH0645LM4H-B,N,,6,N,N,2.28,2.82,https://www.mouser.co.uk/ProductDetail/Knowles/SPH0645LM4H-B?qs=sGAEpiMZZMvNM%2Fd3q5fCV5IhAZWi83c%2F7O4xc7V47rk%3D,,,,
Stepper_TMC2209-LA-T,IC,,Trinamic Motion Control GmbH ,TMC2209-LA-T ,N,C465949,28,N,N,1.81,2.942,https://lcsc.com/product-detail/Motor-Drivers_TRINAMIC-Motion-Control-GmbH-TMC2209-LA_C465949.html,,,,
STM32F042F6P6,IC,,STMicroelectronics,STM32F042F6P6,Y,C81000,20,N,N,0.75,0.844,https://lcsc.com/product-detail/ST-Microelectronics_STMicroelectronics_STM32F042F6P6_STM32F042F6P6_C81000.html,,,,
STM32F072C8T6,IC,,STMicroelectronics,STM32F072C8T6,Y,C80488,48,N,N,1,1.11,https://lcsc.com/product-detail/ST-Microelectronics_STMicroelectronics_STM32F072C8T6_STM32F072C8T6_C80488.html,,,,
STM32F722RET6,IC,,STMicroelectronics,STM32F722RET6,Y,C118207,64,N,N,4,4,https://lcsc.com/product-detail/ST-Microelectronics_STMicroelectronics-STM32F722RET6_C118207.html,,,,
STM32F730R8T6,IC,,STMicroelectronics,STM32F730R8T6,Y,C478453,64,N,N,4,4,https://lcsc.com/product-detail/ST-Microelectronics_STMicroelectronics-STM32F730R8T6_C478453.html,,,,
STM32H750VBT6,IC,,STMicroelectronics,STM32H750VBT6,Y,C404010,100,N,N,8,8,https://lcsc.com/product-detail/ST-Microelectronics_STMicroelectronics-STM32H750VBT6_C404010.html,,,,
TB67H450FNG,IC,,Toshiba,"TB67H450FNG,EL ",Y,C545417,8,N,N,0.45,0.45,https://lcsc.com/product-detail/Motor-Driver-ICs_TOSHIBA-TB67H450FNG-EL_C545417.html,,,,
TMF8801-1B,IC,,Advanced Monolithic Systems,TMF8801-1B,Y,C1852800,12,N,N,2.5,2.5,https://lcsc.com/product-detail/Angle-Linear-Position-Sensors_Advanced-Monolithic-Systems-TMF8801-1B_C1852800.html,,,,
TPS54302,IC,,Texas Instruments,TPS54302DDCR,Y,C311983,6,N,N,0.2,0.206,https://lcsc.com/product-detail/DC-DC-Converters_Texas-Instruments_TPS54302DDCR_Texas-Instruments-Texas-Instruments-TPS54302DDCR_C311983.html,,,,
TPS54531DDAR,IC,,Texas Instruments,TPS54531DDAR,Y,C50605,8,N,N,0.33,0.324,https://lcsc.com/product-detail/DC-DC-Converters_Texas-Instruments_TPS54531DDAR_Texas-Instruments-Texas-Instruments-TPS54531DDAR_C50605.html,,,,
TPS563200,IC,,Texas Instruments,TPS563201DDCR,Y,C116592,6,N,N,0.25,0.25,https://lcsc.com/product-detail/DC-DC-Converters_Texas-Instruments-TPS563201DDCR_C116592.html,270,,,
TXS0102DCUR,IC,,Texas Instruments,TXS0102DCUR,Y,C53434,8,N,N,0.25,0.3,https://lcsc.com/product-detail/Level-Translators-Shifters_Texas-Instruments_TXS0102DCUR_Texas-Instruments-Texas-Instruments-TXS0102DCUR_C53434.html,,,,
USBLC6-2P6,IC,,STMicroelectronics,USBLC6-2P6,Y,C2827693,6,N,N,0.05,0.09,https://lcsc.com/product-detail/Diodes-ESD_STMicroelectronics_USBLC6-2P6_USBLC6-2P6_C15999.html,90,,,
USBLC6-4SC6,IC,,TECH PUBLIC,TPUSBLC6-4SC6,Y,C558419,6,N,N,0.1,0.1,https://lcsc.com/product-detail/TVS_TECH-PUBLIC-TPUSBLC6-4SC6_C558419.html,90,,,
VOC_BME680,IC,,Bosch Sensortec,BME680,Y,C125972,8,N,N,10.45,6.857,https://lcsc.com/product-detail/Sensors_Bosch_BME680_BME680_C125972.html,180,,,
10uH_3A,Inductor,,TDK,VLS6045EX-100M,Y,C360734,2,N,N,0.1,0.1,https://lcsc.com/product-detail/Power-Inductors_TDK-VLS6045EX-100M_C360734.html,,"ESR: 47mohm, 6x6x4.5mm",,
2.2uF_2A,Inductor,L_1008_2520Metric,Murata Electronics,1239AS-H-2R2M=P2,Y,C237285,2,N,N,0.05,0.05,https://lcsc.com/product-detail/Power-Inductors_Murata-Electronics-1239AS-H-2R2M-P2_C237285.html,90,,,
2.4nH,Inductor,C_0402_1005Metric,,,Y,C142237,2,N,Y,0,0,,,,,
2.7nH,Inductor,C_0402_1005Metric,,,Y,C880718,2,N,Y,0,0,,,,,
3.3uH_4A,Inductor,,TDK,VLS5045EX-3R3N,Y,C307875,2,N,N,0.1,0.1,https://lcsc.com/product-detail/Power-Inductors_TDK-VLS5045EX-3R3N_C307875.html,,"ESR: 28mohm, 5x5x4.5",,
3.9nH,Inductor,C_0402_1005Metric,,,Y,C14033,2,N,Y,0,0,,,,,
8.2nH,Inductor,C_0402_1005Metric,,,Y,C16208,2,N,Y,0,0,,,,,
Inductor_4.7uH_2A,Inductor,,Cenker,CKCS5040-4.7uH/M,Y,C354606,2,N,N,0.05,0.051,https://lcsc.com/product-detail/Others_CENKER-CKCS5040-4-7uH-M_C354606.html,,,,
Inductor_5A_SPM6550T-4R7M-HZ,Inductor,,TDK,SPM6550T-4R7M-HZ ,N,C433045,2,N,N,0.24,0.242,https://lcsc.com/product-detail/Power-Inductors_TDK-SPM6550T-4R7M-HZ_C433045.html,,,,
green_led,LED,,Everlight Elec,19-217/GHC-YR1S2/3T,Y,C72043,2,N,N,0.02,0.02,,,,,
LED_SML-D12D1WT86,LED,,Foshan NationStar Optoelectronics,NCD0603O1,Y,C84269,2,N,N,0.02,0.02,https://lcsc.com/product-detail/Light-Emitting-Diodes-LED_Orange-SMDLED-100-180mcd_C84269.html,,,,
RGB_LED,LED,,Hubei KENTO Elec,HL-AF-5060H271BU46FU79GC-S1-THL,Y,C219409,6,N,N,0.03,0.03,https://lcsc.com/product-detail/Light-Emitting-Diodes-LED_HONGLITRONIC-Hongli-Zhihui-HONGLITRONIC-HL-AF-5060H271BU46FU79GC-S1-THL_C219409.html,,,,
WS2812B,LED,,Worldsemi,WS2812B-B,Y,C22461793,4,N,N,0.1,0.08,https://lcsc.com/product-detail/Light-Emitting-Diodes-LED_5050-RGBIntegrated-Light-4Pin_C114586.html,90,,,
WS2812B_2020,LED,,Worldsemi,WS2812B-2020,N,C965555,4,N,N,0.075,0.075,https://lcsc.com/product-detail/Light-Emitting-Diodes-LED_Worldsemi-WS2812B-2020_C965555.html,270,,,
WS2812B-Mini,LED,,Worldsemi,WS2812B-Mini ,Y,C527089,4,N,N,0.08,0.08,https://lcsc.com/product-detail/Light-Emitting-Diodes-LED_Worldsemi-WS2812B-Mini_C527089.html,90,,,
WS2812B-MINI-X1 ,LED,,Worldsemi,WS2812B-MINI-X1 ,Y,C4154873,4,N,N,0.08,0.08,https://lcsc.com/product-detail/Light-Emitting-Diodes-LED_Worldsemi-WS2812B-MINI-X1_C4154873.html,,,,
xl_ws2812b_small,LED,,Xinglight,XL-3528RGBW-WS2812B,Y,C2890364,4,N,N,0.05,0.05,https://lcsc.com/product-detail/Light-Emitting-Diodes-LED_XINGLIGHT-XL-3528RGBW-WS2812B_C2890364.html,90,,,
Polyfuse_2A_5V,Polyfuse,,TLC Electronic,TLC-NSMD200 ,N,C261957,2,N,N,0.04,0.05,https://lcsc.com/product-detail/PTC-Resettable-Fuses_TLC-Electronic-TLC-NSMD200_C261957.html,,,,
Polyfuse_3A,Polyfuse,,BHFuse,BSMD1812-300-16V,Y,C883162,2,N,N,0.07,0.07,https://lcsc.com/product-detail/Resettable-Fuses_BHFUSE-BSMD1812-300-16V_C883162.html,,16V,,
Polyfuse_3A_alt,Polyfuse,,Shenzhen JDT Fuse,ASMD1812-300,Y,C135366,2,N,N,0.07,0.07,https://lcsc.com/product-detail/Surface-Mount-Fuses_3A-Self-recovery_C135366.html,,,,
0.018Ohm_0805_0.25W,Resistor,,Uniroyal Elec,0805W4F180MT5E,N,C65184,2,N,Y,0.03,0,https://lcsc.com/product-detail/Chip-Resistor-Surface-Mount_UNI-ROYAL-Uniroyal-Elec-0805W4F180MT5E_C65184.html,,,,
0.1R,Resistor,R_0402_1005Metric,,,Y,C270655,2,N,Y,0.01,0.01,,,,,
0.2R,Resistor,R_0402_1005Metric,,,Y,C270629,2,N,Y,0,0,,,,,
0.2R,Resistor,R_1210_3225Metric,Uniroyal Elec,1210W2F200LT5E,Y,C52362,2,N,N,0.02,0.02,https://lcsc.com/product-detail/Chip-Resistor-Surface-Mount_UNI-ROYAL-Uniroyal-Elec-1210W2F200LT5E_C52362.html,,0.5W,,
0R,Resistor,R_0402_1005Metric,,,Y,C17168,2,N,Y,0.01,0.01,https://lcsc.com/product-detail/Chip-Resistor-Surface-Mount_UNI-ROYAL-Uniroyal-Elec-0402WGF0000TCE_C17168.html,,,,
100K,Resistor,R_0603_1608Metric,Uniroyal Elec,0603WAF1003T5E,Y,C25803,2,N,N,0.01,0.01,,,,,
100K,Resistor,R_0402_1005Metric,,,Y,C25741,2,N,Y,0,0,,,,,
-1-0-0R,Resistor,R_0402_1005Metric,,,Y,C25076,2,N,Y,0,0,,,,,
10K,Resistor,R_0402_1005Metric,,,Y,C25744,2,N,Y,0.01,0.01,,,,,
10K,Resistor,R_0603_1608Metric,Uniroyal Elec,0603WAF1002T5E,Y,C25804,2,N,N,0.01,0.01,,,,,
10K_HighPrecision,Resistor,R_0402_1005Metric,,,Y,C25744,2,N,Y,0,0,,,,,
10R,Resistor,R_0402_1005Metric,,,Y,C25077,2,N,Y,0.01,0.01,,,,,
10R,Resistor,R_0603_1608Metric,Uniroyal Elec,0603WAF100JT5E,Y,C22859,2,N,N,0.01,0.01,,,,,
150R,Resistor,R_0402_1005Metric,,,Y,C25082,2,N,Y,0.01,0.01,,,,,
1K,Resistor,R_0402_1005Metric,,,Y,C11702,2,N,Y,0.01,0.01,,,,,
150K,Resistor,R_0402_1005Metric,,,Y,C25755,2,N,Y,0,0,,,,,
22K,Resistor,R_0402_1005Metric,,,Y,C25768,2,N,Y,0,0,,,,,
22R,Resistor,R_0402_1005Metric,,,Y,C25092,2,N,Y,0.01,0.01,,,,,
270R,Resistor,R_0402_1005Metric,,,Y,C25155,2,N,Y,0.01,0.01,,,,,
2K,Resistor,R_0402_1005Metric,,,Y,C4109,2,N,Y,0,0,,,,,
3.3K,Resistor,R_0402_1005Metric,,,Y,C25890,2,N,Y,0.01,0.01,,,,,
300R,Resistor,R_0402_1005Metric,,,Y,C25102,2,N,Y,0.01,0.01,,,,,
300K,Resistor,R_0402_1005Metric,,0402WGF3003TCE,Y,C25774,2,N,Y,0,0,,,,,
470R,Resistor,R_0402_1005Metric,,,Y,C25117,2,N,Y,0,0,,,,,
4.7K,Resistor,R_0402_1005Metric,,0402WGF4701TCE,Y,C25900,2,N,Y,0,0,,,,,
510K,Resistor,R_0402_1005Metric,,,Y,C11616,2,N,Y,0,0,,,,,
5.1K,Resistor,R_0402_1005Metric,,,Y,C25905,2,N,Y,0.01,0.01,,,,,
510R,Resistor,R_0402_1005Metric,,,Y,C25123,2,N,Y,0.01,0.01,,,,,
51R,Resistor,R_0402_1005Metric,,,Y,C25125,2,N,Y,0.01,0.01,,,,,
56K_HighPrecision,Resistor,R_0402_1005Metric,,,Y,C25796,2,N,Y,0,0,,,,,
5K,Resistor,R_0402_1005Metric,,,Y,C25905,2,N,Y,0,0,,,,,
68R,Resistor,R_0603_1608Metric,Uniroyal Elec,0603WAF680JT5E,Y,C27592,2,N,N,0.01,0.01,,,,,
750K,Resistor,R_0402_1005Metric,,,Y,C43291,2,N,Y,0,0,,,,,
Button_12x12,Switch,,XKB Enterprise,TS-1103ST-B-B,N,C561240,4,N,Y,0.05,0.05,https://lcsc.com/product-detail/Tactile-Switches_XKB-Connectivity-TS-1103ST-B-B_C561240.html,,Can also use C92662,,
button_6x6,Switch,,XKB Connectivity ,TS-1102T-C,N,C406164,4,N,N,0.05,0.05,https://lcsc.com/product-detail/Tactile-Switches_XKB-Connectivity-TS-1102T-C_C406164.html,90,,,
button_6x6x9,Switch,,XKB Enterprise,TS-1102S-B-K-B,Y,C480278,4,N,N,0.03,0.03,,,,,
edge_mounted_push_switch,Switch,,Panasonic,EVQPUA02K,N,C128539,5,N,Y,0.1,0.1,https://lcsc.com/product-detail/Tactile-Switches_PANASONIC-EVQPUA02K_C128539.html,,,,
edge_push_switch_tht,Switch,,Yuandi,TS-1096B-A2B2-D2,Y,C492997,2,Y,Y,0.04,0.04,https://lcsc.com/product-detail/Tactile-Switches_Yuandi-TS-1096B-A2B2-D2_C492997.html,,,,
Joystick,Switch,,ALPSALPINE,RKJXV1224005,Y,C146170,16,Y,N,0.5,0.5,https://lcsc.com/product-detail/Multi-Directional-Switches_ALPSALPINE-RKJXV1224005_C146170.html,90,Alternative C37323746 only $0.20 – or small one C42411044 ~$1.00,,
oval_button,Switch,,Korean Hroparts Elec,K2-1808SN-A4SW-01,Y,C92589,4,N,Y,0.09,0.05,https://lcsc.com/product-detail/Tactile-Switches_Korean-Hroparts-Elec-K2-1808SN-A4SW-01_C92589.html,,,,
rgb_button,Switch,,Kailh,X switch PG1425 ,N,,3,Y,N,1.4,1.4,https://www.aliexpress.com/item/32985602923.html,,https://www.aliexpress.com/item/32987116768.html?spm=a2g0o.cart.0.0.b91d3c00s37pi4&mp=1,,
RK09K1130A6S,Switch,,Alps Alpine,RK09K1130A6S,Y,C209770,5,Y,Y,0.3,0.3,https://lcsc.com/product-detail/Variable-Resistors-Potentiometers_ALPSALPINE-RK09K1130A6S_C209770.html,,,,
SPDT_switch,Switch,,Korean Hroparts Elec,K3-1235S-K1 ,N,C223837,3,N,Y,0.12,0.12,https://lcsc.com/product-detail/Toggle-Switches_Korean-Hroparts-Elec-K3-1235S-K1_C223837.html,,,,
side_spst_switch,Switch,,,SK12D07VG5,,C431548,5,Y,Y,,,,90,,,
PMOS_500mohms_800mA,IC,,TECH PUBLIC,TPNTK3139PT1G,Y,C558623,3,N,N,0.03,0.03,https://lcsc.com/product-detail/MOSFETs_TECH-PUBLIC-TPNTK3139PT1G_C558623.html,270,,,
STM32F103C8T6,IC,,STMicroelectronics,STM32F103C8T6,Y,C8734,48,N,N,3,3,https://lcsc.com/product-detail/Microcontroller-Units-MCUs-MPUs-SOCs_STMicroelectronics-STM32F103C8T6TR_C2969777.html,,,,
AP3722AT,IC,,ALLPOWER(ShenZhen Quan Li Semiconductor),AP3722AT,Y,C918198,4,N,N,0.1,0.1,https://lcsc.com/product-detail/MEMS-Microphones_ALLPOWER-ShenZhen-Quan-Li-Semiconductor-AP3722AT_C918198.html,270,,,
LTR-381RGB,IC,,Lite-On,LTR-381RGB-WA,Y,C2944020,6,N,N,0.65,0.65,https://lcsc.com/product-detail/Ambient-Light-Sensors_Lite-On-LTR-381RGB-WA_C408177.html,,,,
TMP102,IC,,Texas Instruments,TMP102AIDRLR,Y,C99269,6,N,N,0.3,0.3,https://lcsc.com/product-detail/Temperature-Sensors_Texas-Instruments-TMP102AIDRLR_C99269.html,,,,
RFX2401C,IC,,Skyworks Solutions ,RFX2401C,Y,C19213,16,N,N,0.6,0.6,https://lcsc.com/product-detail/RF-Transceiver-ICs_Skyworks-Solutions-RFX2401C_C19213.html,,,,
TPS61230A,IC,,Texas Instruments,TPS61230A,Y,C376005,7,N,N,0.25,0.25,,,,,
1uH_3.2A,Inductor,,INPAQ,WIP252012P-1R0ML,Y,C315711,2,N,N,0.04,0.04,,90,,,
2450AT18A100E,Antenna,,Johanson Dielectrics ,2450AT18A100E,Y,C89334,2,N,N,0.4,0.4,,,,,
FFC_connector_10p_hinge_lock,Connector,,JUSHUO,AFC01-S10FCA-00,Y,C262659,12,N,N,0.07,0.07,https://lcsc.com/product-detail/FFC-FPC-Connectors_JUSHUO-AFC01-S10FCA-00_C262659.html,270,,,
TLE49462KHTSA1,IC,,Infineon Technologies ,TLE49462KHTSA1,Y,C126657,3,N,N,0.45,0.45,,90,,,
INA180A3,IC,,Texas Instruments,INA180A3IDBVR,Y,C122882,5,N,N,0.18,0.18,,0,,,
0.01R,Resistor,R_0805_2012Metric,,,Y,C2912728,2,N,N,0,0,,,,,
swd_4pin,None,,,,,,,,,,,,,,,
M2.5MountingHole,None,,,,,,,,,,,,,,,
potentiometer_300R,Resistor,,,VG039NCHXTB301,,C128553,,,,,,,,,,
potentiometer_20K,Resistor,,,VG039NCHXTB203,,C128550,,,,,,,,,,
1.5K,Resistor,R_0402_1005Metric,,0402WGF1501TCE,Y,C25867,,,,,,,,,,
STM32G030F6P6,IC,,STMicroelectronics,STM32G030F6P6TR,Y,C529330,,,,,,,0,,,
100uF_16V_SPE,Capacitor,,,160AVCA101M0506E30,Y,C494511,,,,,,,180,,,
TerminalBlock_3P_3.8_black,,,,C881704,,C881704,,,,,,,270,,,
OR-gate,IC,,,74LVC1G32SE-7,,C460530,,,,,,,,,,
LipoFuelGauge,,,,74LVC1G32SE-7,,C460530,,,,,,https://jlcpcb.com/partdetail/TexasInstruments-BQ27426YZFR/C165137,,,,
Diode1A600mV,,,,1N5819WS,,C191023,,,,,,,,,,
TP4057,IC,,,TP4057,,C5380673,,,,,,,,,,
ws2812b_1615,IC,,,XL-1615RGBC-WS2812B ,,C5349954,,,,0.027,,,0,,,
Conn_01x03_Pin,Connector,,,12251103CNG0S115001,,C429954,,,,0.01,,,,,,
VL53L3CXV0DH,IC,,,VL53L3CXV0DH/1,,C1864163,,,,1.6,,,90,,,
RotaryEncoder_Switch,Switch,,ALPSALPINE,EC12D1524403,,C112349,,,,0.28,,,90,,,
74LVC1G06,IC,,Diodes Incorporated,74LVC1G06SE-7,,C460519,,,,0.03,,,,,,
LinearHallSensor,IC,,Honeywell,SS39ET,,C126669,,,,0.3,,https://www.lcsc.com/product-detail/Linear-Hall-Sensors_Honeywell-SS39ET_C126669.html,,,,
2.2uH_1A,Inductor,,,CPY160808T-2R2M-NP,,C365953,,,,,,,,,,
Crystal_27.12M,Crystal,,,XL2EL89CMI-111YLC-27.12M,,C5444606,,,,,,,90,,,
MFRC522,IC,,,"MFRC52202HN1,151",,C11322,,,,2.2,,https://www.lcsc.com/product-detail/RFID-ICs_NXP-Semicon-MFRC52202HN1-151_C11322.html,,,,
15pF,Capacitor,C_0402_1005Metric,,0402CG150J500NT,,C1548,,,,,,,,,,
47pF,Capacitor,C_0402_1005Metric,,0402CG470J500NT,,C1567,,,,,,,,,,
180pF,Capacitor,C_0402_1005Metric,,0402B181K500NT,,C285199,,,,,,,,,,
820R,Resistor,R_0402_1005Metric,,AC0402FR-07820RL,,C227240,,,,,,,,,,
DRV8833PWP,IC,,,DRV8833PWPR,,C50506,,,,0.4,,https://www.lcsc.com/product-detail/Stepper-Motor-Driver_Texas-Instruments-DRV8833PWPR_C50506.html,,,,
SM06B-SRSS-TB,Connector,,,SM06B-SRSS-TB(LF)(SN),,C160405,,,,0.1,,,,,,
SM02B-SRSS-TB,Connector,,,SM02B-SRSS-TB(LF)(SN),,C160402,,,,0.05,,,,,,
Conn_01x02_Pin,None,,,,,,,,,,,,,,,
red_led,,,,KT-0603R,,C2286,,,,,,,,,,
120R,Resistor,R_0402_1005Metric,,0402WGF1200TCE,,C25079,,,,,,,,,,
200R,Resistor,R_0402_1005Metric,,0402WGF2000TCE,,C25087,,,,,,,,,,
330R,Resistor,R_0402_1005Metric,,0402WGF3300TCE,,C25104,,,,,,,,,,
Cypress_IFA_Antenna,None,,,,,,,,,,,,,,,
STM32G030K6T6,IC,,,STM32G030K6T6,,C529331,,,,,,,,,,
47K,Resistor,R_0402_1005Metric,,0402WGF4702TCE,,C25792,,,,,,,,,,
DMMT5401,IC,,,DMMT5401-7-F,,C154733,,,,0.07,,https://www.lcsc.com/product-detail/Bipolar-BJT_Diodes-Incorporated-DMMT5401-7-F_C154733.html,,,,
Conn_02x10_Odd_Even,Connector,,,B-2100S20P-B110,,C124359,,,,,,,,,,
150K,Resistor,R_0603_1608Metric,,0603WAF1503T5E,,C22807,,,,,,,,,,
510K,Resistor,R_0603_1608Metric,,0603WAF5103T5E,,C23192,,,,,,,,,,
75R,Resistor,R_0402_1005Metric,,0402WGF750JTCE,,C25133,,,,,,,,,,
01x06_2.54mm_Male,Connector,,,X6511WRS-06H-C60D48,,C5242199,,,,0.05,,,180,,,
01x06_2.54mm_Female,Connector,,,X6511FRS-06-C85D30,,C5142239,,,,0.1,,,180,,,
S2B-ZR-SM4A-TF,Connector,,,S2B-ZR-SM4A-TF(LF)(SN),,C265329,,,,0.1,,,90,,,
Antenna_MIFA_Cypress,None,,,,,,,,,,,,,,,
FFC_connector_22p_dual_sided,Connector,,,F0504-H-22-20T-R,,C557729,,,,0.09,,,270,,,
ScreenOutline,None,,,,,,,,,,,,,,,
FemaleConn_1x6,Connector,,XKB Connection,X6511FRS-06-C85D30,,C5142239,,,,,,,,,,
button_6x6x7,Switch,,XKB Connection,TS-1102S-B-G-B,,C381064,,,,0.03,,,90,,,
Conn_02x11_Odd_Even,Connector,,,PZ254-2-11-Z-8.5,,C2894972,,,,0.08,,,,,,
HDC1080,IC,,Texas Instruments,HDC1080,,C82227,,,,0.55,,,90,,,
WMM7027ATSN1-4/TR,IC,,,WMM7027ATSN1-4/TR,,C2931973,,,,0.18,,,90,,,
Fiducial_1mm_Mask2mm,None,,,,,,,,,,,,,,,
TestPoint_2Pole,None,,,,,,,,,,,,,,,
PAM8302AAS,IC,,,PAM8302AASCR,,C113367,,,,0.11,,,,,,
Speaker_20x30,Speaker,,,HDK-302004CA-2C2,,C28642278,,,,0.25,,,,,,
op_amp_mcp6001,IC,,,MCP6001AIDBVRG,,C5145245,,,,0.06,,,,,,
LMA2718T421,Microphone,,,LMA2718T421,,C5373232,,,,0.2,,,,,,
STM32F072RBTx,IC,,,STM32F072RBTx,,C46046,,,,0.9,,,,,,
TPS2116DRL,IC,,Texas Instruments,TPS2116DRLR,,C3235557,,,,0.28,,,,,,
BMA253,IC,,Bosch,BMA253,,C165275,,,,0.3,,,,,,
LIS3DHTR,IC,,STMicroelectronics,LIS3DHTR,,C15134,,,,0.3,,,,,,
SpeakerSmt,Speaker,,Fuet,FS1818MS0410-H5.9-R01,,C48542868,,,,1,,,,,,
XB7608AJ,IC,,XySemi,XB7608AJ,,C2681921,,,,0.05,,,,,,
MAX98357AEWL+T,IC,,,MAX98357AEWL+T,,C2682619,,,,,,,,,,
Conn_02x03_Odd_Even,Connector,,,02x03_SMT_pin_header,,C22438447,,,,,,,,,,
STM32C011F6Px,IC,,,,,C5456198,,,,0.35,,,,,,
Conn_ARM_SWD_TagConnect_TC2030-NL,None,,,,,,,,,,,,,,,
